¿Cuántos tipos de textos hay?,,,
Este tipo de texto tiene como objetivo persuadir y convencer sobre un determinado producto.,,,
Que tipo de textos son:“La familia partió muy pronto hacia el aeropuerto. Tenían billete para el primer vuelo a Milán. Allí alquilaron un coche y se dirigirán a la costa”,,,
"Que tipo de textos son:Policía: “Por favor, estacione su vehículo en el arcén y muéstreme el carné de conducir”-Miguel: “Disculpe señor agente pero no llevo la documentación”-Policía: “Sabe usted que incurre en una falta muy grave”""",,,
"Que tipo de textos son:“El ciclo del agua comienza con la evaporación del agua de mares y océanos debido al calor del sol. Este agua evaporada sube por la atmósfera formando las nubes. Si el día es frío, este vapor de agua se condensa y cae a la",tierra,en forma de lluvi,"a”"""
Que tipo de textos son:“La introducción de la moneda única en Europa (Euro) ha sido un acontecimiento de gran transcendencia económica en toda la región. Se trata de la principal medida adoptada hasta el momento en el camino hacia una unión plena,de los,países europeos”,
Que tipo de textos son:“La gente que opina que la mayoría de edad de las personas debería rebajarse hasta los 16 años está completamente equivocada. Por una parte la juventud les impide en gran medida disponer de la experiencia suficiente para p,oder va,lorar la actuación,"del gobierno y de los partidos de la oposición. Por otra parte, a esa edad tan temprana los jóvenes son más fácilmente manipulables”"""
"¿Cuál es el género del texto narrativo?Poema,Oda,Canción,Leyenda",,,
"¿Cuál no es el género del texto narrativo? Himno,Novela,Cuento,Fábula",,,
"¿Cuál es el género del texto lírico? Novela, Soneto, Cuento, Mitos",,,
"""¿Qué texto es “Elaborado con ingredientes naturales, Vitacreme cuida el nivel de hidratación de tu cabello, de la raíz a las puntas.”?""",,,
"""Son aquellos en los que se desarrollan teorías y conceptos y, además, presentan avances sobre investigaciones""",,,
"""Son aquellos textos que buscan exponer información, ideas y conceptos de manera clara al lector, sea desde una perspectiva general o especializada""",,,
"""Los textos argumentativos son aquellos que debaten ideas, teorías y conceptos con el propósito de expresar opiniones y puntos de vista diversos sobre el abordaje de determinados temas.""",,,
Son aquellos a partir de los cuales se hace teatro,,,